SampleID,ReadsID,Base,MeanQualityScore,,Mean,Count,StdDev,,,,,,,,,,,,,,,,,,
1n1a,SLF-1n_R1,150-154,35.08206541,,,,,,,,,,,,,,,,,,,,,,
1n1a,SLF-1n_R1,155-159,35.28779159,,,,,,,,,,,,,,,,,,,,,,
1n1a,SLF-1n_R1,160-164,35.5189297,,,,,,,,,,,,,,,,,,,,,,
1n1a,SLF-1n_R1,165-169,35.32212315,,,,,,,,,,,,,,,,,,,,,,
1n1a,SLF-1n_R1,170-174,35.40173013,,,,,,,,,,,,,,,,,,,,,,
1n1a,SLF-1n_R1,175-179,35.23616101,,,,,,,,,,,,,,,,,,,,,,
1n1a,SLF-1n_R1,180-184,35.21527967,,,,,,,,,,,,,,,,,,,,,,
1n1a,SLF-1n_R1,185-189,34.95727916,,,,,,,,,,,,,,,,,,,,,,
1n1a,SLF-1n_R1,190-194,35.07422676,,,,,,,,,,,,,,,,,,,,,,
1n1a,SLF-1n_R1,195-199,34.6585753,,,,,,,,,,,,,,,,,,,,,,
1n1a,SLF-1n_R1,200-204,34.46449676,,,,,,,,,,,,,,,,,,,,,,
1n1a,SLF-1n_R1,205-209,34.85902078,,,,,,,,,,,,,,,,,,,,,,
1n1a,SLF-1n_R1,210-214,34.88629494,,,,,,,,,,,,,,,,,,,,,,
1n1a,SLF-1n_R1,215-219,34.38889471,,,,,,,,,,,,,,,,,,,,,,
1n1a,SLF-1n_R1,220-224,34.28590818,,,,,,,,,,,,,,,,,,,,,,
1n1a,SLF-1n_R1,225-229,34.1873682,,,,,,,,,,,,,,,,,,,,,,
1n1a,SLF-1n_R1,230-234,34.34268336,,,,,,,,,,,,,,,,,,,,,,
1n1a,SLF-1n_R1,235-239,33.98590267,,,,,,,,,,,,,,,,,,,,,,
1n1a,SLF-1n_R1,240-244,33.60315556,,,,,,,,,,,,,,,,,,,,,,
1n1a,SLF-1n_R1,245-249,33.28356667,,,,,,,,,,,,,,,,,,,,,,
1n1a,SLF-1n_R1,250,33.91331221,,,,,,,,,,,,,,,,,,,,,,
1n1a,SLF-1n_R2,150-154,34.97354245,,,,,,,,,,,,,,,,,,,,,,
1n1a,SLF-1n_R2,155-159,34.91453202,,,,,,,,,,,,,,,,,,,,,,
1n1a,SLF-1n_R2,160-164,34.84320823,,,,,,,,,,,,,,,,,,,,,,
1n1a,SLF-1n_R2,165-169,34.85427865,,,,,,,,,,,,,,,,,,,,,,
1n1a,SLF-1n_R2,170-174,34.7910338,,,,,,,,,,,,,,,,,,,,,,
1n1a,SLF-1n_R2,175-179,34.69535027,,,,,,,,,,,,,,,,,,,,,,
1n1a,SLF-1n_R2,180-184,34.57703945,,,,,,,,,,,,,,,,,,,,,,
1n1a,SLF-1n_R2,185-189,34.60424447,,,,,,,,,,,,,,,,,,,,,,
1n1a,SLF-1n_R2,190-194,34.27300004,,,,,,,,,,,,,,,,,,,,,,
1n1a,SLF-1n_R2,195-199,34.3208531,,,,,,,,,,,,,,,,,,,,,,
1n1a,SLF-1n_R2,200-204,33.80856233,,,,,,,,,,,,,,,,,,,,,,
1n1a,SLF-1n_R2,205-209,34.1478846,,,,,,,,,,,,,,,,,,,,,,
1n1a,SLF-1n_R2,210-214,34.10580149,,,,,,,,,,,,,,,,,,,,,,
1n1a,SLF-1n_R2,215-219,34.08520307,,,,,,,,,,,,,,,,,,,,,,
1n1a,SLF-1n_R2,220-224,33.70915021,,,,,,,,,,,,,,,,,,,,,,
1n1a,SLF-1n_R2,225-229,33.70861322,,,,,,,,,,,,,,,,,,,,,,
1n1a,SLF-1n_R2,230-234,33.44773109,,,,,,,,,,,,,,,,,,,,,,
1n1a,SLF-1n_R2,235-239,33.36745018,,,,,,,,,,,,,,,,,,,,,,
1n1a,SLF-1n_R2,240-244,32.86871778,,,,,,,,,,,,,,,,,,,,,,
1n1a,SLF-1n_R2,245-249,32.34247624,,,,,,,,,,,,,,,,,,,,,,
1n1a,SLF-1n_R2,250,33.15161058,,34.37012022,42,0.737766758,,,,,,,,,,,,,,,,,,
1n1b,SLF_1n_comb1_R1,100-104,35.41897282,,,,,,,,,,,,,,,,,,,,,,
1n1b,SLF_1n_comb1_R1,105-109,35.34737813,,,,,,,,,,,,,,,,,,,,,,
1n1b,SLF_1n_comb1_R1,110-114,35.27793038,,,,,,,,,,,,,,,,,,,,,,
1n1b,SLF_1n_comb1_R1,115-119,34.93611661,,,,,,,,,,,,,,,,,,,,,,
1n1b,SLF_1n_comb1_R1,120-124,35.02489979,,,,,,,,,,,,,,,,,,,,,,
1n1b,SLF_1n_comb1_R1,125-129,35.1447534,,,,,,,,,,,,,,,,,,,,,,
1n1b,SLF_1n_comb1_R1,130-134,35.08576388,,,,,,,,,,,,,,,,,,,,,,
1n1b,SLF_1n_comb1_R1,135-139,34.85827697,,,,,,,,,,,,,,,,,,,,,,
1n1b,SLF_1n_comb1_R1,140-144,35.10161546,,,,,,,,,,,,,,,,,,,,,,
1n1b,SLF_1n_comb1_R1,145-149,34.85428409,,,,,,,,,,,,,,,,,,,,,,
1n1b,SLF_1n_comb1_R1,150-154,34.77697656,,,,,,,,,,,,,,,,,,,,,,
1n1b,SLF_1n_comb1_R1,155-159,34.73499445,,,,,,,,,,,,,,,,,,,,,,
1n1b,SLF_1n_comb1_R1,160-164,34.3742829,,,,,,,,,,,,,,,,,,,,,,
1n1b,SLF_1n_comb1_R1,165-169,34.69286732,,,,,,,,,,,,,,,,,,,,,,
1n1b,SLF_1n_comb1_R1,170-174,34.58516823,,,,,,,,,,,,,,,,,,,,,,
1n1b,SLF_1n_comb1_R1,175-179,34.42592621,,,,,,,,,,,,,,,,,,,,,,
1n1b,SLF_1n_comb1_R1,180-184,34.17974949,,,,,,,,,,,,,,,,,,,,,,
1n1b,SLF_1n_comb1_R1,185-189,33.96311003,,,,,,,,,,,,,,,,,,,,,,
1n1b,SLF_1n_comb1_R1,190-194,34.10027952,,,,,,,,,,,,,,,,,,,,,,
1n1b,SLF_1n_comb1_R1,195-199,34.04307095,,,,,,,,,,,,,,,,,,,,,,
1n1b,SLF_1n_comb1_R1,200-204,33.77189607,,,,,,,,,,,,,,,,,,,,,,
1n1b,SLF_1n_comb1_R1,205-209,34.06765656,,,,,,,,,,,,,,,,,,,,,,
1n1b,SLF_1n_comb1_R1,210-214,33.44222955,,,,,,,,,,,,,,,,,,,,,,
1n1b,SLF_1n_comb1_R1,215-219,33.98262994,,,,,,,,,,,,,,,,,,,,,,
1n1b,SLF_1n_comb1_R1,220-224,33.19624617,,,,,,,,,,,,,,,,,,,,,,
1n1b,SLF_1n_comb1_R1,225-229,33.66490781,,,,,,,,,,,,,,,,,,,,,,
1n1b,SLF_1n_comb1_R1,230-234,33.22943129,,,,,,,,,,,,,,,,,,,,,,
1n1b,SLF_1n_comb1_R1,235-239,33.36316735,,,,,,,,,,,,,,,,,,,,,,
1n1b,SLF_1n_comb1_R1,240-244,32.91142659,,,,,,,,,,,,,,,,,,,,,,
1n1b,SLF_1n_comb1_R1,245-249,32.80272744,,,,,,,,,,,,,,,,,,,,,,
1n1b,SLF_1n_comb1_R1,250,32.06075229,,,,,,,,,,,,,,,,,,,,,,
1n1b,SLF_1n_comb1_R2,100-104,35.25676886,,,,,,,,,,,,,,,,,,,,,,
1n1b,SLF_1n_comb1_R2,105-109,35.2256359,,,,,,,,,,,,,,,,,,,,,,
1n1b,SLF_1n_comb1_R2,110-114,35.00894684,,,,,,,,,,,,,,,,,,,,,,
1n1b,SLF_1n_comb1_R2,115-119,35.07832772,,,,,,,,,,,,,,,,,,,,,,
1n1b,SLF_1n_comb1_R2,120-124,35.10086646,,,,,,,,,,,,,,,,,,,,,,
1n1b,SLF_1n_comb1_R2,125-129,34.88813708,,,,,,,,,,,,,,,,,,,,,,
1n1b,SLF_1n_comb1_R2,130-134,34.82945174,,,,,,,,,,,,,,,,,,,,,,
1n1b,SLF_1n_comb1_R2,135-139,34.89933446,,,,,,,,,,,,,,,,,,,,,,
1n1b,SLF_1n_comb1_R2,140-144,35.02949142,,,,,,,,,,,,,,,,,,,,,,
1n1b,SLF_1n_comb1_R2,145-149,34.90367152,,,,,,,,,,,,,,,,,,,,,,
1n1b,SLF_1n_comb1_R2,150-154,34.84156266,,,,,,,,,,,,,,,,,,,,,,
1n1b,SLF_1n_comb1_R2,155-159,34.77137136,,,,,,,,,,,,,,,,,,,,,,
1n1b,SLF_1n_comb1_R2,160-164,34.51885356,,,,,,,,,,,,,,,,,,,,,,
1n1b,SLF_1n_comb1_R2,165-169,34.50363792,,,,,,,,,,,,,,,,,,,,,,
1n1b,SLF_1n_comb1_R2,170-174,34.51166202,,,,,,,,,,,,,,,,,,,,,,
1n1b,SLF_1n_comb1_R2,175-179,34.39711279,,,,,,,,,,,,,,,,,,,,,,
1n1b,SLF_1n_comb1_R2,180-184,34.34009658,,,,,,,,,,,,,,,,,,,,,,
1n1b,SLF_1n_comb1_R2,185-189,33.81031062,,,,,,,,,,,,,,,,,,,,,,
1n1b,SLF_1n_comb1_R2,190-194,33.90037953,,,,,,,,,,,,,,,,,,,,,,
1n1b,SLF_1n_comb1_R2,195-199,33.42549719,,,,,,,,,,,,,,,,,,,,,,
1n1b,SLF_1n_comb1_R2,200-204,33.64970157,,,,,,,,,,,,,,,,,,,,,,
1n1b,SLF_1n_comb1_R2,205-209,33.64597444,,,,,,,,,,,,,,,,,,,,,,
1n1b,SLF_1n_comb1_R2,210-214,33.19329953,,,,,,,,,,,,,,,,,,,,,,
1n1b,SLF_1n_comb1_R2,215-219,33.08497502,,,,,,,,,,,,,,,,,,,,,,
1n1b,SLF_1n_comb1_R2,220-224,32.823878,,,,,,,,,,,,,,,,,,,,,,
1n1b,SLF_1n_comb1_R2,225-229,33.06515942,,,,,,,,,,,,,,,,,,,,,,
1n1b,SLF_1n_comb1_R2,230-234,32.48126196,,,,,,,,,,,,,,,,,,,,,,
1n1b,SLF_1n_comb1_R2,235-239,32.21613163,,,,,,,,,,,,,,,,,,,,,,
1n1b,SLF_1n_comb1_R2,240-244,31.86231604,,,,,,,,,,,,,,,,,,,,,,
1n1b,SLF_1n_comb1_R2,245-249,31.5860547,,,,,,,,,,,,,,,,,,,,,,
1n1b,SLF_1n_comb1_R2,250,32.48312994,,34.10891108,62,0.976899455,,,,,,,,,,,,,,,,,,
1n2,SLF_1n2_R1,100-104,34.94225938,,,,,,,,,,,,,,,,,,,,,,
1n2,SLF_1n2_R1,105-109,34.87902162,,,,,,,,,,,,,,,,,,,,,,
1n2,SLF_1n2_R1,110-114,34.67433621,,,,,,,,,,,,,,,,,,,,,,
1n2,SLF_1n2_R1,115-119,34.47434607,,,,,,,,,,,,,,,,,,,,,,
1n2,SLF_1n2_R1,120-124,34.41628603,,,,,,,,,,,,,,,,,,,,,,
1n2,SLF_1n2_R1,125-129,34.45969197,,,,,,,,,,,,,,,,,,,,,,
1n2,SLF_1n2_R1,130-134,34.45647183,,,,,,,,,,,,,,,,,,,,,,
1n2,SLF_1n2_R1,135-139,34.33164601,,,,,,,,,,,,,,,,,,,,,,
1n2,SLF_1n2_R1,140-144,34.45482696,,,,,,,,,,,,,,,,,,,,,,
1n2,SLF_1n2_R1,145-149,34.15449241,,,,,,,,,,,,,,,,,,,,,,
1n2,SLF_1n2_R1,150-154,34.12692847,,,,,,,,,,,,,,,,,,,,,,
1n2,SLF_1n2_R1,155-159,34.18671303,,,,,,,,,,,,,,,,,,,,,,
1n2,SLF_1n2_R1,160-164,34.25261857,,,,,,,,,,,,,,,,,,,,,,
1n2,SLF_1n2_R1,165-169,33.82929239,,,,,,,,,,,,,,,,,,,,,,
1n2,SLF_1n2_R1,170-174,34.03387559,,,,,,,,,,,,,,,,,,,,,,
1n2,SLF_1n2_R1,175-179,34.37383614,,,,,,,,,,,,,,,,,,,,,,
1n2,SLF_1n2_R1,180-184,33.39230115,,,,,,,,,,,,,,,,,,,,,,
1n2,SLF_1n2_R1,185-189,34.08246355,,,,,,,,,,,,,,,,,,,,,,
1n2,SLF_1n2_R1,190-194,33.37140489,,,,,,,,,,,,,,,,,,,,,,
1n2,SLF_1n2_R1,195-199,33.4302347,,,,,,,,,,,,,,,,,,,,,,
1n2,SLF_1n2_R1,200-204,33.29701268,,,,,,,,,,,,,,,,,,,,,,
1n2,SLF_1n2_R1,205-209,33.52655337,,,,,,,,,,,,,,,,,,,,,,
1n2,SLF_1n2_R1,210-214,33.48217633,,,,,,,,,,,,,,,,,,,,,,
1n2,SLF_1n2_R1,215-219,33.27444974,,,,,,,,,,,,,,,,,,,,,,
1n2,SLF_1n2_R1,220-224,33.32942492,,,,,,,,,,,,,,,,,,,,,,
1n2,SLF_1n2_R1,225-229,33.29333059,,,,,,,,,,,,,,,,,,,,,,
1n2,SLF_1n2_R1,230-234,33.12414919,,,,,,,,,,,,,,,,,,,,,,
1n2,SLF_1n2_R1,235-239,33.23303652,,,,,,,,,,,,,,,,,,,,,,
1n2,SLF_1n2_R1,240-244,32.7128433,,,,,,,,,,,,,,,,,,,,,,
1n2,SLF_1n2_R1,245-249,32.90705095,,,,,,,,,,,,,,,,,,,,,,
1n2,SLF_1n2_R1,250,32.86185616,,,,,,,,,,,,,,,,,,,,,,
1n2,SLF_1n2_R2,100-104,34.65912927,,,,,,,,,,,,,,,,,,,,,,
1n2,SLF_1n2_R2,105-109,34.40096584,,,,,,,,,,,,,,,,,,,,,,
1n2,SLF_1n2_R2,110-114,34.40615809,,,,,,,,,,,,,,,,,,,,,,
1n2,SLF_1n2_R2,115-119,34.13890278,,,,,,,,,,,,,,,,,,,,,,
1n2,SLF_1n2_R2,120-124,34.403236,,,,,,,,,,,,,,,,,,,,,,
1n2,SLF_1n2_R2,125-129,34.28771186,,,,,,,,,,,,,,,,,,,,,,
1n2,SLF_1n2_R2,130-134,34.12027108,,,,,,,,,,,,,,,,,,,,,,
1n2,SLF_1n2_R2,135-139,34.29905049,,,,,,,,,,,,,,,,,,,,,,
1n2,SLF_1n2_R2,140-144,34.39362775,,,,,,,,,,,,,,,,,,,,,,
1n2,SLF_1n2_R2,145-149,34.3155629,,,,,,,,,,,,,,,,,,,,,,
1n2,SLF_1n2_R2,150-154,34.37934377,,,,,,,,,,,,,,,,,,,,,,
1n2,SLF_1n2_R2,155-159,34.27354348,,,,,,,,,,,,,,,,,,,,,,
1n2,SLF_1n2_R2,160-164,33.99951184,,,,,,,,,,,,,,,,,,,,,,
1n2,SLF_1n2_R2,165-169,33.99895345,,,,,,,,,,,,,,,,,,,,,,
1n2,SLF_1n2_R2,170-174,33.51617553,,,,,,,,,,,,,,,,,,,,,,
1n2,SLF_1n2_R2,175-179,33.19813406,,,,,,,,,,,,,,,,,,,,,,
1n2,SLF_1n2_R2,180-184,32.81469294,,,,,,,,,,,,,,,,,,,,,,
1n2,SLF_1n2_R2,185-189,32.01659295,,,,,,,,,,,,,,,,,,,,,,
1n2,SLF_1n2_R2,190-194,32.24847244,,,,,,,,,,,,,,,,,,,,,,
1n2,SLF_1n2_R2,195-199,32.26113324,,,,,,,,,,,,,,,,,,,,,,
1n2,SLF_1n2_R2,200-204,31.9610461,,,,,,,,,,,,,,,,,,,,,,
1n2,SLF_1n2_R2,205-209,31.80934816,,,,,,,,,,,,,,,,,,,,,,
1n2,SLF_1n2_R2,210-214,32.1769487,,,,,,,,,,,,,,,,,,,,,,
1n2,SLF_1n2_R2,215-219,31.46294828,,,,,,,,,,,,,,,,,,,,,,
1n2,SLF_1n2_R2,220-224,32.93572704,,,,,,,,,,,,,,,,,,,,,,
1n2,SLF_1n2_R2,225-229,31.70228611,,,,,,,,,,,,,,,,,,,,,,
1n2,SLF_1n2_R2,230-234,33.03209771,,,,,,,,,,,,,,,,,,,,,,
1n2,SLF_1n2_R2,235-239,31.5042052,,,,,,,,,,,,,,,,,,,,,,
1n2,SLF_1n2_R2,240-244,30.87898576,,,,,,,,,,,,,,,,,,,,,,
1n2,SLF_1n2_R2,245-249,32.64173773,,,,,,,,,,,,,,,,,,,,,,
1n2,SLF_1n2_R2,250,33.26755088,,33.53014487,62,0.968836167,,,,,,,,,,,,,,,,,,
1n3,SLF_1n3_R1,100-104,35.00000764,,,,,,,,,,,,,,,,,,,,,,
1n3,SLF_1n3_R1,105-109,35.03236308,,,,,,,,,,,,,,,,,,,,,,
1n3,SLF_1n3_R1,110-114,34.789112,,,,,,,,,,,,,,,,,,,,,,
1n3,SLF_1n3_R1,115-119,34.57639385,,,,,,,,,,,,,,,,,,,,,,
1n3,SLF_1n3_R1,120-124,34.51136708,,,,,,,,,,,,,,,,,,,,,,
1n3,SLF_1n3_R1,125-129,34.52293272,,,,,,,,,,,,,,,,,,,,,,
1n3,SLF_1n3_R1,130-134,34.50576225,,,,,,,,,,,,,,,,,,,,,,
1n3,SLF_1n3_R1,135-139,34.3786097,,,,,,,,,,,,,,,,,,,,,,
1n3,SLF_1n3_R1,140-144,34.36416013,,,,,,,,,,,,,,,,,,,,,,
1n3,SLF_1n3_R1,145-149,34.1948544,,,,,,,,,,,,,,,,,,,,,,
1n3,SLF_1n3_R1,150-154,34.23050708,,,,,,,,,,,,,,,,,,,,,,
1n3,SLF_1n3_R1,155-159,34.16360473,,,,,,,,,,,,,,,,,,,,,,
1n3,SLF_1n3_R1,160-164,34.13958574,,,,,,,,,,,,,,,,,,,,,,
1n3,SLF_1n3_R1,165-169,33.88709729,,,,,,,,,,,,,,,,,,,,,,
1n3,SLF_1n3_R1,170-174,34.03053458,,,,,,,,,,,,,,,,,,,,,,
1n3,SLF_1n3_R1,175-179,34.25366239,,,,,,,,,,,,,,,,,,,,,,
1n3,SLF_1n3_R1,180-184,33.54136376,,,,,,,,,,,,,,,,,,,,,,
1n3,SLF_1n3_R1,185-189,33.96255454,,,,,,,,,,,,,,,,,,,,,,
1n3,SLF_1n3_R1,190-194,33.56995944,,,,,,,,,,,,,,,,,,,,,,
1n3,SLF_1n3_R1,195-199,33.5044282,,,,,,,,,,,,,,,,,,,,,,
1n3,SLF_1n3_R1,200-204,33.36845842,,,,,,,,,,,,,,,,,,,,,,
1n3,SLF_1n3_R1,205-209,33.38916989,,,,,,,,,,,,,,,,,,,,,,
1n3,SLF_1n3_R1,210-214,33.30549451,,,,,,,,,,,,,,,,,,,,,,
1n3,SLF_1n3_R1,215-219,33.13056595,,,,,,,,,,,,,,,,,,,,,,
1n3,SLF_1n3_R1,220-224,33.22301915,,,,,,,,,,,,,,,,,,,,,,
1n3,SLF_1n3_R1,225-229,33.08604352,,,,,,,,,,,,,,,,,,,,,,
1n3,SLF_1n3_R1,230-234,32.84391577,,,,,,,,,,,,,,,,,,,,,,
1n3,SLF_1n3_R1,235-239,32.84042762,,,,,,,,,,,,,,,,,,,,,,
1n3,SLF_1n3_R1,240-244,32.41505784,,,,,,,,,,,,,,,,,,,,,,
1n3,SLF_1n3_R1,245-249,32.54551132,,,,,,,,,,,,,,,,,,,,,,
1n3,SLF_1n3_R1,250,32.29881127,,,,,,,,,,,,,,,,,,,,,,
1n3,SLF_1n3_R2,100-104,34.69886013,,,,,,,,,,,,,,,,,,,,,,
1n3,SLF_1n3_R2,105-109,34.51866346,,,,,,,,,,,,,,,,,,,,,,
1n3,SLF_1n3_R2,110-114,34.5147941,,,,,,,,,,,,,,,,,,,,,,
1n3,SLF_1n3_R2,115-119,34.29678297,,,,,,,,,,,,,,,,,,,,,,
1n3,SLF_1n3_R2,120-124,34.50384519,,,,,,,,,,,,,,,,,,,,,,
1n3,SLF_1n3_R2,125-129,34.31347114,,,,,,,,,,,,,,,,,,,,,,
1n3,SLF_1n3_R2,130-134,34.15383917,,,,,,,,,,,,,,,,,,,,,,
1n3,SLF_1n3_R2,135-139,34.26404173,,,,,,,,,,,,,,,,,,,,,,
1n3,SLF_1n3_R2,140-144,34.29746066,,,,,,,,,,,,,,,,,,,,,,
1n3,SLF_1n3_R2,145-149,34.31653052,,,,,,,,,,,,,,,,,,,,,,
1n3,SLF_1n3_R2,150-154,34.40264152,,,,,,,,,,,,,,,,,,,,,,
1n3,SLF_1n3_R2,155-159,34.24841806,,,,,,,,,,,,,,,,,,,,,,
1n3,SLF_1n3_R2,160-164,33.96401113,,,,,,,,,,,,,,,,,,,,,,
1n3,SLF_1n3_R2,165-169,33.99562379,,,,,,,,,,,,,,,,,,,,,,
1n3,SLF_1n3_R2,170-174,33.60855302,,,,,,,,,,,,,,,,,,,,,,
1n3,SLF_1n3_R2,175-179,33.47307074,,,,,,,,,,,,,,,,,,,,,,
1n3,SLF_1n3_R2,180-184,33.21751677,,,,,,,,,,,,,,,,,,,,,,
1n3,SLF_1n3_R2,185-189,32.73129443,,,,,,,,,,,,,,,,,,,,,,
1n3,SLF_1n3_R2,190-194,32.8691927,,,,,,,,,,,,,,,,,,,,,,
1n3,SLF_1n3_R2,195-199,32.77186846,,,,,,,,,,,,,,,,,,,,,,
1n3,SLF_1n3_R2,200-204,32.59289613,,,,,,,,,,,,,,,,,,,,,,
1n3,SLF_1n3_R2,205-209,32.310856,,,,,,,,,,,,,,,,,,,,,,
1n3,SLF_1n3_R2,210-214,32.66435396,,,,,,,,,,,,,,,,,,,,,,
1n3,SLF_1n3_R2,215-219,32.00445458,,,,,,,,,,,,,,,,,,,,,,
1n3,SLF_1n3_R2,220-224,33.04153653,,,,,,,,,,,,,,,,,,,,,,
1n3,SLF_1n3_R2,225-229,32.17903635,,,,,,,,,,,,,,,,,,,,,,
1n3,SLF_1n3_R2,230-234,32.92158167,,,,,,,,,,,,,,,,,,,,,,
1n3,SLF_1n3_R2,235-239,31.69938325,,,,,,,,,,,,,,,,,,,,,,
1n3,SLF_1n3_R2,240-244,31.36280389,,,,,,,,,,,,,,,,,,,,,,
1n3,SLF_1n3_R2,245-249,32.63836744,,,,,,,,,,,,,,,,,,,,,,
1n3,SLF_1n3_R2,250,32.90503641,,33.59816325,62,0.880507314,,,,,,,,,,,,,,,,,,
1n4,SLF_1n4_R1,100-104,35.3091875,,,,,,,,,,,,,,,,,,,,,,
1n4,SLF_1n4_R1,105-109,35.18433846,,,,,,,,,,,,,,,,,,,,,,
1n4,SLF_1n4_R1,110-114,35.05844134,,,,,,,,,,,,,,,,,,,,,,
1n4,SLF_1n4_R1,115-119,34.90613468,,,,,,,,,,,,,,,,,,,,,,
1n4,SLF_1n4_R1,120-124,34.91872121,,,,,,,,,,,,,,,,,,,,,,
1n4,SLF_1n4_R1,125-129,34.89905769,,,,,,,,,,,,,,,,,,,,,,
1n4,SLF_1n4_R1,130-134,34.78878917,,,,,,,,,,,,,,,,,,,,,,
1n4,SLF_1n4_R1,135-139,34.75717021,,,,,,,,,,,,,,,,,,,,,,
1n4,SLF_1n4_R1,140-144,34.72072973,,,,,,,,,,,,,,,,,,,,,,
1n4,SLF_1n4_R1,145-149,34.75814343,,,,,,,,,,,,,,,,,,,,,,
1n4,SLF_1n4_R1,150-154,34.40451296,,,,,,,,,,,,,,,,,,,,,,
1n4,SLF_1n4_R1,155-159,34.35879061,,,,,,,,,,,,,,,,,,,,,,
1n4,SLF_1n4_R1,160-164,34.51535477,,,,,,,,,,,,,,,,,,,,,,
1n4,SLF_1n4_R1,165-169,34.32247814,,,,,,,,,,,,,,,,,,,,,,
1n4,SLF_1n4_R1,170-174,34.45756168,,,,,,,,,,,,,,,,,,,,,,
1n4,SLF_1n4_R1,175-179,34.63920587,,,,,,,,,,,,,,,,,,,,,,
1n4,SLF_1n4_R1,180-184,33.90152447,,,,,,,,,,,,,,,,,,,,,,
1n4,SLF_1n4_R1,185-189,34.21218068,,,,,,,,,,,,,,,,,,,,,,
1n4,SLF_1n4_R1,190-194,34.0243507,,,,,,,,,,,,,,,,,,,,,,
1n4,SLF_1n4_R1,195-199,33.8996531,,,,,,,,,,,,,,,,,,,,,,
1n4,SLF_1n4_R1,200-204,33.5784391,,,,,,,,,,,,,,,,,,,,,,
1n4,SLF_1n4_R1,205-209,34.10145679,,,,,,,,,,,,,,,,,,,,,,
1n4,SLF_1n4_R1,210-214,33.91465206,,,,,,,,,,,,,,,,,,,,,,
1n4,SLF_1n4_R1,215-219,33.68100114,,,,,,,,,,,,,,,,,,,,,,
1n4,SLF_1n4_R1,220-224,33.52372986,,,,,,,,,,,,,,,,,,,,,,
1n4,SLF_1n4_R1,225-229,33.57520413,,,,,,,,,,,,,,,,,,,,,,
1n4,SLF_1n4_R1,230-234,33.25059851,,,,,,,,,,,,,,,,,,,,,,
1n4,SLF_1n4_R1,235-239,33.25737922,,,,,,,,,,,,,,,,,,,,,,
1n4,SLF_1n4_R1,240-244,32.76452969,,,,,,,,,,,,,,,,,,,,,,
1n4,SLF_1n4_R1,245-249,32.90838792,,,,,,,,,,,,,,,,,,,,,,
1n4,SLF_1n4_R1,250,33.19556184,,,,,,,,,,,,,,,,,,,,,,
1n4,SLF_1n4_R2,100-104,34.97443841,,,,,,,,,,,,,,,,,,,,,,
1n4,SLF_1n4_R2,105-109,34.7702204,,,,,,,,,,,,,,,,,,,,,,
1n4,SLF_1n4_R2,110-114,34.79400088,,,,,,,,,,,,,,,,,,,,,,
1n4,SLF_1n4_R2,115-119,34.62744289,,,,,,,,,,,,,,,,,,,,,,
1n4,SLF_1n4_R2,120-124,34.83258779,,,,,,,,,,,,,,,,,,,,,,
1n4,SLF_1n4_R2,125-129,34.6166046,,,,,,,,,,,,,,,,,,,,,,
1n4,SLF_1n4_R2,130-134,34.45143526,,,,,,,,,,,,,,,,,,,,,,
1n4,SLF_1n4_R2,135-139,34.54085192,,,,,,,,,,,,,,,,,,,,,,
1n4,SLF_1n4_R2,140-144,34.48341895,,,,,,,,,,,,,,,,,,,,,,
1n4,SLF_1n4_R2,145-149,34.58874025,,,,,,,,,,,,,,,,,,,,,,
1n4,SLF_1n4_R2,150-154,34.477339,,,,,,,,,,,,,,,,,,,,,,
1n4,SLF_1n4_R2,155-159,34.23380737,,,,,,,,,,,,,,,,,,,,,,
1n4,SLF_1n4_R2,160-164,34.22263539,,,,,,,,,,,,,,,,,,,,,,
1n4,SLF_1n4_R2,165-169,34.22885518,,,,,,,,,,,,,,,,,,,,,,
1n4,SLF_1n4_R2,170-174,33.79353496,,,,,,,,,,,,,,,,,,,,,,
1n4,SLF_1n4_R2,175-179,33.97069609,,,,,,,,,,,,,,,,,,,,,,
1n4,SLF_1n4_R2,180-184,33.42871619,,,,,,,,,,,,,,,,,,,,,,
1n4,SLF_1n4_R2,185-189,33.31795534,,,,,,,,,,,,,,,,,,,,,,
1n4,SLF_1n4_R2,190-194,33.35209015,,,,,,,,,,,,,,,,,,,,,,
1n4,SLF_1n4_R2,195-199,33.31616512,,,,,,,,,,,,,,,,,,,,,,
1n4,SLF_1n4_R2,200-204,32.95333149,,,,,,,,,,,,,,,,,,,,,,
1n4,SLF_1n4_R2,205-209,33.01549188,,,,,,,,,,,,,,,,,,,,,,
1n4,SLF_1n4_R2,210-214,33.25274543,,,,,,,,,,,,,,,,,,,,,,
1n4,SLF_1n4_R2,215-219,32.64694671,,,,,,,,,,,,,,,,,,,,,,
1n4,SLF_1n4_R2,220-224,33.31368565,,,,,,,,,,,,,,,,,,,,,,
1n4,SLF_1n4_R2,225-229,32.67951292,,,,,,,,,,,,,,,,,,,,,,
1n4,SLF_1n4_R2,230-234,32.97692268,,,,,,,,,,,,,,,,,,,,,,
1n4,SLF_1n4_R2,235-239,32.21237064,,,,,,,,,,,,,,,,,,,,,,
1n4,SLF_1n4_R2,240-244,31.82369366,,,,,,,,,,,,,,,,,,,,,,
1n4,SLF_1n4_R2,245-249,32.67852933,,,,,,,,,,,,,,,,,,,,,,
1n4,SLF_1n4_R2,250,33.00017079,,33.9574549,62,0.816155547,,,,,,,,,,,,,,,,,,
1n5,SLF_1n5_R1,100-104,35.02108351,,,,,,,,,,,,,,,,,,,,,,
1n5,SLF_1n5_R1,105-109,35.04240587,,,,,,,,,,,,,,,,,,,,,,
1n5,SLF_1n5_R1,110-114,34.82390568,,,,,,,,,,,,,,,,,,,,,,
1n5,SLF_1n5_R1,115-119,34.59972887,,,,,,,,,,,,,,,,,,,,,,
1n5,SLF_1n5_R1,120-124,34.66187592,,,,,,,,,,,,,,,,,,,,,,
1n5,SLF_1n5_R1,125-129,34.62001004,,,,,,,,,,,,,,,,,,,,,,
1n5,SLF_1n5_R1,130-134,34.60030648,,,,,,,,,,,,,,,,,,,,,,
1n5,SLF_1n5_R1,135-139,34.46718508,,,,,,,,,,,,,,,,,,,,,,
1n5,SLF_1n5_R1,140-144,34.29423299,,,,,,,,,,,,,,,,,,,,,,
1n5,SLF_1n5_R1,145-149,34.12418381,,,,,,,,,,,,,,,,,,,,,,
1n5,SLF_1n5_R1,150-154,34.23540354,,,,,,,,,,,,,,,,,,,,,,
1n5,SLF_1n5_R1,155-159,34.01218197,,,,,,,,,,,,,,,,,,,,,,
1n5,SLF_1n5_R1,160-164,33.97075134,,,,,,,,,,,,,,,,,,,,,,
1n5,SLF_1n5_R1,165-169,33.6906348,,,,,,,,,,,,,,,,,,,,,,
1n5,SLF_1n5_R1,170-174,34.02855668,,,,,,,,,,,,,,,,,,,,,,
1n5,SLF_1n5_R1,175-179,34.044193,,,,,,,,,,,,,,,,,,,,,,
1n5,SLF_1n5_R1,180-184,33.7760832,,,,,,,,,,,,,,,,,,,,,,
1n5,SLF_1n5_R1,185-189,33.59925085,,,,,,,,,,,,,,,,,,,,,,
1n5,SLF_1n5_R1,190-194,33.70783875,,,,,,,,,,,,,,,,,,,,,,
1n5,SLF_1n5_R1,195-199,33.25690567,,,,,,,,,,,,,,,,,,,,,,
1n5,SLF_1n5_R1,200-204,33.17184555,,,,,,,,,,,,,,,,,,,,,,
1n5,SLF_1n5_R1,205-209,33.54949414,,,,,,,,,,,,,,,,,,,,,,
1n5,SLF_1n5_R1,210-214,33.07116281,,,,,,,,,,,,,,,,,,,,,,
1n5,SLF_1n5_R1,215-219,33.01766088,,,,,,,,,,,,,,,,,,,,,,
1n5,SLF_1n5_R1,220-224,33.12015163,,,,,,,,,,,,,,,,,,,,,,
1n5,SLF_1n5_R1,225-229,32.80488823,,,,,,,,,,,,,,,,,,,,,,
1n5,SLF_1n5_R1,230-234,32.7396044,,,,,,,,,,,,,,,,,,,,,,
1n5,SLF_1n5_R1,235-239,32.75529152,,,,,,,,,,,,,,,,,,,,,,
1n5,SLF_1n5_R1,240-244,32.51459807,,,,,,,,,,,,,,,,,,,,,,
1n5,SLF_1n5_R1,245-249,32.73337936,,,,,,,,,,,,,,,,,,,,,,
1n5,SLF_1n5_R1,250,32.79059294,,,,,,,,,,,,,,,,,,,,,,
1n5,SLF_1n5_R2,100-104,34.6989611,,,,,,,,,,,,,,,,,,,,,,
1n5,SLF_1n5_R2,105-109,34.60418902,,,,,,,,,,,,,,,,,,,,,,
1n5,SLF_1n5_R2,110-114,34.54757555,,,,,,,,,,,,,,,,,,,,,,
1n5,SLF_1n5_R2,115-119,34.33072825,,,,,,,,,,,,,,,,,,,,,,
1n5,SLF_1n5_R2,120-124,34.41762311,,,,,,,,,,,,,,,,,,,,,,
1n5,SLF_1n5_R2,125-129,34.38257828,,,,,,,,,,,,,,,,,,,,,,
1n5,SLF_1n5_R2,130-134,34.18812504,,,,,,,,,,,,,,,,,,,,,,
1n5,SLF_1n5_R2,135-139,34.18776337,,,,,,,,,,,,,,,,,,,,,,
1n5,SLF_1n5_R2,140-144,34.16664453,,,,,,,,,,,,,,,,,,,,,,
1n5,SLF_1n5_R2,145-149,33.90094665,,,,,,,,,,,,,,,,,,,,,,
1n5,SLF_1n5_R2,150-154,34.14852089,,,,,,,,,,,,,,,,,,,,,,
1n5,SLF_1n5_R2,155-159,34.01584252,,,,,,,,,,,,,,,,,,,,,,
1n5,SLF_1n5_R2,160-164,33.53610228,,,,,,,,,,,,,,,,,,,,,,
1n5,SLF_1n5_R2,165-169,33.80756109,,,,,,,,,,,,,,,,,,,,,,
1n5,SLF_1n5_R2,170-174,33.43925932,,,,,,,,,,,,,,,,,,,,,,
1n5,SLF_1n5_R2,175-179,33.73169941,,,,,,,,,,,,,,,,,,,,,,
1n5,SLF_1n5_R2,180-184,33.50094697,,,,,,,,,,,,,,,,,,,,,,
1n5,SLF_1n5_R2,185-189,33.59153475,,,,,,,,,,,,,,,,,,,,,,
1n5,SLF_1n5_R2,190-194,33.46725958,,,,,,,,,,,,,,,,,,,,,,
1n5,SLF_1n5_R2,195-199,33.22565767,,,,,,,,,,,,,,,,,,,,,,
1n5,SLF_1n5_R2,200-204,33.29961984,,,,,,,,,,,,,,,,,,,,,,
1n5,SLF_1n5_R2,205-209,33.05119238,,,,,,,,,,,,,,,,,,,,,,
1n5,SLF_1n5_R2,210-214,33.05736887,,,,,,,,,,,,,,,,,,,,,,
1n5,SLF_1n5_R2,215-219,32.973064,,,,,,,,,,,,,,,,,,,,,,
1n5,SLF_1n5_R2,220-224,33.02256475,,,,,,,,,,,,,,,,,,,,,,
1n5,SLF_1n5_R2,225-229,32.74884903,,,,,,,,,,,,,,,,,,,,,,
1n5,SLF_1n5_R2,230-234,32.69232104,,,,,,,,,,,,,,,,,,,,,,
1n5,SLF_1n5_R2,235-239,32.12247531,,,,,,,,,,,,,,,,,,,,,,
1n5,SLF_1n5_R2,240-244,32.40897668,,,,,,,,,,,,,,,,,,,,,,
1n5,SLF_1n5_R2,245-249,32.79064402,,,,,,,,,,,,,,,,,,,,,,
1n5,SLF_1n5_R2,250,32.90857999,,33.67436392,62,0.728313196,,,,,,,,,,,,,,,,,,
1n6,SLF_1n6_R1,100-104,35.20826815,,,,,,,,,,,,,,,,,,,,,,
1n6,SLF_1n6_R1,105-109,35.14595813,,,,,,,,,,,,,,,,,,,,,,
1n6,SLF_1n6_R1,110-114,34.97622327,,,,,,,,,,,,,,,,,,,,,,
1n6,SLF_1n6_R1,115-119,34.8775724,,,,,,,,,,,,,,,,,,,,,,
1n6,SLF_1n6_R1,120-124,34.87164907,,,,,,,,,,,,,,,,,,,,,,
1n6,SLF_1n6_R1,125-129,34.76055159,,,,,,,,,,,,,,,,,,,,,,
1n6,SLF_1n6_R1,130-134,34.7417208,,,,,,,,,,,,,,,,,,,,,,
1n6,SLF_1n6_R1,135-139,34.6000518,,,,,,,,,,,,,,,,,,,,,,
1n6,SLF_1n6_R1,140-144,34.54512539,,,,,,,,,,,,,,,,,,,,,,
1n6,SLF_1n6_R1,145-149,34.44693872,,,,,,,,,,,,,,,,,,,,,,
1n6,SLF_1n6_R1,150-154,34.47153119,,,,,,,,,,,,,,,,,,,,,,
1n6,SLF_1n6_R1,155-159,34.31961948,,,,,,,,,,,,,,,,,,,,,,
1n6,SLF_1n6_R1,160-164,34.11847934,,,,,,,,,,,,,,,,,,,,,,
1n6,SLF_1n6_R1,165-169,34.0619608,,,,,,,,,,,,,,,,,,,,,,
1n6,SLF_1n6_R1,170-174,34.25699313,,,,,,,,,,,,,,,,,,,,,,
1n6,SLF_1n6_R1,175-179,34.22465029,,,,,,,,,,,,,,,,,,,,,,
1n6,SLF_1n6_R1,180-184,33.96199274,,,,,,,,,,,,,,,,,,,,,,
1n6,SLF_1n6_R1,185-189,34.06150769,,,,,,,,,,,,,,,,,,,,,,
1n6,SLF_1n6_R1,190-194,33.91394327,,,,,,,,,,,,,,,,,,,,,,
1n6,SLF_1n6_R1,195-199,33.69925072,,,,,,,,,,,,,,,,,,,,,,
1n6,SLF_1n6_R1,200-204,33.48335322,,,,,,,,,,,,,,,,,,,,,,
1n6,SLF_1n6_R1,205-209,33.60399362,,,,,,,,,,,,,,,,,,,,,,
1n6,SLF_1n6_R1,210-214,33.30886091,,,,,,,,,,,,,,,,,,,,,,
1n6,SLF_1n6_R1,215-219,33.04856002,,,,,,,,,,,,,,,,,,,,,,
1n6,SLF_1n6_R1,220-224,33.30332468,,,,,,,,,,,,,,,,,,,,,,
1n6,SLF_1n6_R1,225-229,33.03124939,,,,,,,,,,,,,,,,,,,,,,
1n6,SLF_1n6_R1,230-234,32.71643963,,,,,,,,,,,,,,,,,,,,,,
1n6,SLF_1n6_R1,235-239,32.7972742,,,,,,,,,,,,,,,,,,,,,,
1n6,SLF_1n6_R1,240-244,32.50582956,,,,,,,,,,,,,,,,,,,,,,
1n6,SLF_1n6_R1,245-249,32.67293132,,,,,,,,,,,,,,,,,,,,,,
1n6,SLF_1n6_R1,250,32.69025291,,,,,,,,,,,,,,,,,,,,,,
1n6,SLF_1n6_R2,100-104,35.02103195,,,,,,,,,,,,,,,,,,,,,,
1n6,SLF_1n6_R2,105-109,34.88860742,,,,,,,,,,,,,,,,,,,,,,
1n6,SLF_1n6_R2,110-114,34.84561934,,,,,,,,,,,,,,,,,,,,,,
1n6,SLF_1n6_R2,115-119,34.61673247,,,,,,,,,,,,,,,,,,,,,,
1n6,SLF_1n6_R2,120-124,34.77106321,,,,,,,,,,,,,,,,,,,,,,
1n6,SLF_1n6_R2,125-129,34.50266854,,,,,,,,,,,,,,,,,,,,,,
1n6,SLF_1n6_R2,130-134,34.44093483,,,,,,,,,,,,,,,,,,,,,,
1n6,SLF_1n6_R2,135-139,34.35344773,,,,,,,,,,,,,,,,,,,,,,
1n6,SLF_1n6_R2,140-144,34.29113292,,,,,,,,,,,,,,,,,,,,,,
1n6,SLF_1n6_R2,145-149,34.24926729,,,,,,,,,,,,,,,,,,,,,,
1n6,SLF_1n6_R2,150-154,34.41719961,,,,,,,,,,,,,,,,,,,,,,
1n6,SLF_1n6_R2,155-159,34.21172425,,,,,,,,,,,,,,,,,,,,,,
1n6,SLF_1n6_R2,160-164,33.98704446,,,,,,,,,,,,,,,,,,,,,,
1n6,SLF_1n6_R2,165-169,33.91530985,,,,,,,,,,,,,,,,,,,,,,
1n6,SLF_1n6_R2,170-174,33.77661617,,,,,,,,,,,,,,,,,,,,,,
1n6,SLF_1n6_R2,175-179,33.91147602,,,,,,,,,,,,,,,,,,,,,,
1n6,SLF_1n6_R2,180-184,33.65283804,,,,,,,,,,,,,,,,,,,,,,
1n6,SLF_1n6_R2,185-189,33.62716346,,,,,,,,,,,,,,,,,,,,,,
1n6,SLF_1n6_R2,190-194,33.638522,,,,,,,,,,,,,,,,,,,,,,
1n6,SLF_1n6_R2,195-199,33.42597301,,,,,,,,,,,,,,,,,,,,,,
1n6,SLF_1n6_R2,200-204,33.45278047,,,,,,,,,,,,,,,,,,,,,,
1n6,SLF_1n6_R2,205-209,33.11852721,,,,,,,,,,,,,,,,,,,,,,
1n6,SLF_1n6_R2,210-214,33.30874502,,,,,,,,,,,,,,,,,,,,,,
1n6,SLF_1n6_R2,215-219,32.84066938,,,,,,,,,,,,,,,,,,,,,,
1n6,SLF_1n6_R2,220-224,33.04484559,,,,,,,,,,,,,,,,,,,,,,
1n6,SLF_1n6_R2,225-229,32.93737198,,,,,,,,,,,,,,,,,,,,,,
1n6,SLF_1n6_R2,230-234,32.54237551,,,,,,,,,,,,,,,,,,,,,,
1n6,SLF_1n6_R2,235-239,31.96058626,,,,,,,,,,,,,,,,,,,,,,
1n6,SLF_1n6_R2,240-244,32.37539304,,,,,,,,,,,,,,,,,,,,,,
1n6,SLF_1n6_R2,245-249,32.65328233,,,,,,,,,,,,,,,,,,,,,,
1n6,SLF_1n6_R2,250,33.048707,,33.84280184,62,0.811106132,,,,,,,,,,,,,,,,,,
1n7,SLF_1n7_R1,100-104,35.22462957,,,,,,,,,,,,,,,,,,,,,,
1n7,SLF_1n7_R1,105-109,35.19534543,,,,,,,,,,,,,,,,,,,,,,
1n7,SLF_1n7_R1,110-114,35.04458015,,,,,,,,,,,,,,,,,,,,,,
1n7,SLF_1n7_R1,115-119,34.98817358,,,,,,,,,,,,,,,,,,,,,,
1n7,SLF_1n7_R1,120-124,34.94799014,,,,,,,,,,,,,,,,,,,,,,
1n7,SLF_1n7_R1,125-129,34.89685184,,,,,,,,,,,,,,,,,,,,,,
1n7,SLF_1n7_R1,130-134,34.87875658,,,,,,,,,,,,,,,,,,,,,,
1n7,SLF_1n7_R1,135-139,34.81968389,,,,,,,,,,,,,,,,,,,,,,
1n7,SLF_1n7_R1,140-144,34.80988667,,,,,,,,,,,,,,,,,,,,,,
1n7,SLF_1n7_R1,145-149,34.71077255,,,,,,,,,,,,,,,,,,,,,,
1n7,SLF_1n7_R1,150-154,34.71169822,,,,,,,,,,,,,,,,,,,,,,
1n7,SLF_1n7_R1,155-159,34.59200799,,,,,,,,,,,,,,,,,,,,,,
1n7,SLF_1n7_R1,160-164,34.51008644,,,,,,,,,,,,,,,,,,,,,,
1n7,SLF_1n7_R1,165-169,34.44792071,,,,,,,,,,,,,,,,,,,,,,
1n7,SLF_1n7_R1,170-174,34.57181262,,,,,,,,,,,,,,,,,,,,,,
1n7,SLF_1n7_R1,175-179,34.55925311,,,,,,,,,,,,,,,,,,,,,,
1n7,SLF_1n7_R1,180-184,34.18419495,,,,,,,,,,,,,,,,,,,,,,
1n7,SLF_1n7_R1,185-189,34.31714193,,,,,,,,,,,,,,,,,,,,,,
1n7,SLF_1n7_R1,190-194,34.22040019,,,,,,,,,,,,,,,,,,,,,,
1n7,SLF_1n7_R1,195-199,34.06671895,,,,,,,,,,,,,,,,,,,,,,
1n7,SLF_1n7_R1,200-204,33.85123384,,,,,,,,,,,,,,,,,,,,,,
1n7,SLF_1n7_R1,205-209,34.09451966,,,,,,,,,,,,,,,,,,,,,,
1n7,SLF_1n7_R1,210-214,33.84879126,,,,,,,,,,,,,,,,,,,,,,
1n7,SLF_1n7_R1,215-219,33.56180334,,,,,,,,,,,,,,,,,,,,,,
1n7,SLF_1n7_R1,220-224,33.6103508,,,,,,,,,,,,,,,,,,,,,,
1n7,SLF_1n7_R1,225-229,33.466493,,,,,,,,,,,,,,,,,,,,,,
1n7,SLF_1n7_R1,230-234,33.14019635,,,,,,,,,,,,,,,,,,,,,,
1n7,SLF_1n7_R1,235-239,33.18815005,,,,,,,,,,,,,,,,,,,,,,
1n7,SLF_1n7_R1,240-244,32.82676068,,,,,,,,,,,,,,,,,,,,,,
1n7,SLF_1n7_R1,245-249,33.03503234,,,,,,,,,,,,,,,,,,,,,,
1n7,SLF_1n7_R1,250,33.20143577,,,,,,,,,,,,,,,,,,,,,,
1n7,SLF_1n7_R2,100-104,34.93394264,,,,,,,,,,,,,,,,,,,,,,
1n7,SLF_1n7_R2,105-109,34.74363659,,,,,,,,,,,,,,,,,,,,,,
1n7,SLF_1n7_R2,110-114,34.66406631,,,,,,,,,,,,,,,,,,,,,,
1n7,SLF_1n7_R2,115-119,34.56060445,,,,,,,,,,,,,,,,,,,,,,
1n7,SLF_1n7_R2,120-124,34.78549081,,,,,,,,,,,,,,,,,,,,,,
1n7,SLF_1n7_R2,125-129,34.53591463,,,,,,,,,,,,,,,,,,,,,,
1n7,SLF_1n7_R2,130-134,34.44750779,,,,,,,,,,,,,,,,,,,,,,
1n7,SLF_1n7_R2,135-139,34.48327773,,,,,,,,,,,,,,,,,,,,,,
1n7,SLF_1n7_R2,140-144,34.46868899,,,,,,,,,,,,,,,,,,,,,,
1n7,SLF_1n7_R2,145-149,34.52196036,,,,,,,,,,,,,,,,,,,,,,
1n7,SLF_1n7_R2,150-154,34.59649757,,,,,,,,,,,,,,,,,,,,,,
1n7,SLF_1n7_R2,155-159,34.41521495,,,,,,,,,,,,,,,,,,,,,,
1n7,SLF_1n7_R2,160-164,34.33238734,,,,,,,,,,,,,,,,,,,,,,
1n7,SLF_1n7_R2,165-169,34.35388251,,,,,,,,,,,,,,,,,,,,,,
1n7,SLF_1n7_R2,170-174,34.0801321,,,,,,,,,,,,,,,,,,,,,,
1n7,SLF_1n7_R2,175-179,34.30274738,,,,,,,,,,,,,,,,,,,,,,
1n7,SLF_1n7_R2,180-184,33.9982041,,,,,,,,,,,,,,,,,,,,,,
1n7,SLF_1n7_R2,185-189,33.97689161,,,,,,,,,,,,,,,,,,,,,,
1n7,SLF_1n7_R2,190-194,34.04371305,,,,,,,,,,,,,,,,,,,,,,
1n7,SLF_1n7_R2,195-199,33.8132577,,,,,,,,,,,,,,,,,,,,,,
1n7,SLF_1n7_R2,200-204,33.77216454,,,,,,,,,,,,,,,,,,,,,,
1n7,SLF_1n7_R2,205-209,33.57241217,,,,,,,,,,,,,,,,,,,,,,
1n7,SLF_1n7_R2,210-214,33.75486945,,,,,,,,,,,,,,,,,,,,,,
1n7,SLF_1n7_R2,215-219,33.2661808,,,,,,,,,,,,,,,,,,,,,,
1n7,SLF_1n7_R2,220-224,33.52995287,,,,,,,,,,,,,,,,,,,,,,
1n7,SLF_1n7_R2,225-229,33.3256203,,,,,,,,,,,,,,,,,,,,,,
1n7,SLF_1n7_R2,230-234,33.00611421,,,,,,,,,,,,,,,,,,,,,,
1n7,SLF_1n7_R2,235-239,32.50033846,,,,,,,,,,,,,,,,,,,,,,
1n7,SLF_1n7_R2,240-244,32.53032515,,,,,,,,,,,,,,,,,,,,,,
1n7,SLF_1n7_R2,245-249,32.98000726,,,,,,,,,,,,,,,,,,,,,,
1n7,SLF_1n7_R2,250,33.55274473,,34.11889389,62,0.685390867,,,,,,,,,,,,,,,,,,
1n8,SLF_1n8_R1,100-104,35.44480319,,,,,,,,,,,,,,,,,,,,,,
1n8,SLF_1n8_R1,105-109,35.45122617,,,,,,,,,,,,,,,,,,,,,,
1n8,SLF_1n8_R1,110-114,35.51841413,,,,,,,,,,,,,,,,,,,,,,
1n8,SLF_1n8_R1,115-119,35.36707228,,,,,,,,,,,,,,,,,,,,,,
1n8,SLF_1n8_R1,120-124,35.43182225,,,,,,,,,,,,,,,,,,,,,,
1n8,SLF_1n8_R1,125-129,35.46186598,,,,,,,,,,,,,,,,,,,,,,
1n8,SLF_1n8_R1,130-134,35.4191328,,,,,,,,,,,,,,,,,,,,,,
1n8,SLF_1n8_R1,135-139,35.47905633,,,,,,,,,,,,,,,,,,,,,,
1n8,SLF_1n8_R1,140-144,35.32445462,,,,,,,,,,,,,,,,,,,,,,
1n8,SLF_1n8_R1,145-149,35.30537379,,,,,,,,,,,,,,,,,,,,,,
1n8,SLF_1n8_R1,150-154,35.13550798,,,,,,,,,,,,,,,,,,,,,,
1n8,SLF_1n8_R1,155-159,35.10437516,,,,,,,,,,,,,,,,,,,,,,
1n8,SLF_1n8_R1,160-164,35.20427537,,,,,,,,,,,,,,,,,,,,,,
1n8,SLF_1n8_R1,165-169,34.94585315,,,,,,,,,,,,,,,,,,,,,,
1n8,SLF_1n8_R1,170-174,35.17560182,,,,,,,,,,,,,,,,,,,,,,
1n8,SLF_1n8_R1,175-179,35.20851953,,,,,,,,,,,,,,,,,,,,,,
1n8,SLF_1n8_R1,180-184,34.77975781,,,,,,,,,,,,,,,,,,,,,,
1n8,SLF_1n8_R1,185-189,34.6554183,,,,,,,,,,,,,,,,,,,,,,
1n8,SLF_1n8_R1,190-194,34.78184037,,,,,,,,,,,,,,,,,,,,,,
1n8,SLF_1n8_R1,195-199,34.78388039,,,,,,,,,,,,,,,,,,,,,,
1n8,SLF_1n8_R1,200-204,34.67300046,,,,,,,,,,,,,,,,,,,,,,
1n8,SLF_1n8_R1,205-209,34.66189398,,,,,,,,,,,,,,,,,,,,,,
1n8,SLF_1n8_R1,210-214,34.09244848,,,,,,,,,,,,,,,,,,,,,,
1n8,SLF_1n8_R1,215-219,33.84538834,,,,,,,,,,,,,,,,,,,,,,
1n8,SLF_1n8_R1,220-224,33.69195526,,,,,,,,,,,,,,,,,,,,,,
1n8,SLF_1n8_R1,225-229,33.68577857,,,,,,,,,,,,,,,,,,,,,,
1n8,SLF_1n8_R1,230-234,33.44027983,,,,,,,,,,,,,,,,,,,,,,
1n8,SLF_1n8_R1,235-239,33.40705621,,,,,,,,,,,,,,,,,,,,,,
1n8,SLF_1n8_R1,240-244,32.95287456,,,,,,,,,,,,,,,,,,,,,,
1n8,SLF_1n8_R1,245-249,33.30333723,,,,,,,,,,,,,,,,,,,,,,
1n8,SLF_1n8_R1,250,33.27686015,,,,,,,,,,,,,,,,,,,,,,
1n8,SLF_1n8_R2,100-104,35.40810812,,,,,,,,,,,,,,,,,,,,,,
1n8,SLF_1n8_R2,105-109,35.32872082,,,,,,,,,,,,,,,,,,,,,,
1n8,SLF_1n8_R2,110-114,35.33980654,,,,,,,,,,,,,,,,,,,,,,
1n8,SLF_1n8_R2,115-119,35.04126493,,,,,,,,,,,,,,,,,,,,,,
1n8,SLF_1n8_R2,120-124,35.34345638,,,,,,,,,,,,,,,,,,,,,,
1n8,SLF_1n8_R2,125-129,35.29625481,,,,,,,,,,,,,,,,,,,,,,
1n8,SLF_1n8_R2,130-134,35.20046962,,,,,,,,,,,,,,,,,,,,,,
1n8,SLF_1n8_R2,135-139,35.15896294,,,,,,,,,,,,,,,,,,,,,,
1n8,SLF_1n8_R2,140-144,35.13448395,,,,,,,,,,,,,,,,,,,,,,
1n8,SLF_1n8_R2,145-149,35.11852893,,,,,,,,,,,,,,,,,,,,,,
1n8,SLF_1n8_R2,150-154,35.05882196,,,,,,,,,,,,,,,,,,,,,,
1n8,SLF_1n8_R2,155-159,35.13628367,,,,,,,,,,,,,,,,,,,,,,
1n8,SLF_1n8_R2,160-164,35.13184679,,,,,,,,,,,,,,,,,,,,,,
1n8,SLF_1n8_R2,165-169,35.13279593,,,,,,,,,,,,,,,,,,,,,,
1n8,SLF_1n8_R2,170-174,34.64626258,,,,,,,,,,,,,,,,,,,,,,
1n8,SLF_1n8_R2,175-179,34.57933845,,,,,,,,,,,,,,,,,,,,,,
1n8,SLF_1n8_R2,180-184,34.53542015,,,,,,,,,,,,,,,,,,,,,,
1n8,SLF_1n8_R2,185-189,34.61090249,,,,,,,,,,,,,,,,,,,,,,
1n8,SLF_1n8_R2,190-194,34.84412913,,,,,,,,,,,,,,,,,,,,,,
1n8,SLF_1n8_R2,195-199,34.36907512,,,,,,,,,,,,,,,,,,,,,,
1n8,SLF_1n8_R2,200-204,34.36476274,,,,,,,,,,,,,,,,,,,,,,
1n8,SLF_1n8_R2,205-209,33.96784462,,,,,,,,,,,,,,,,,,,,,,
1n8,SLF_1n8_R2,210-214,33.74288949,,,,,,,,,,,,,,,,,,,,,,
1n8,SLF_1n8_R2,215-219,33.27335193,,,,,,,,,,,,,,,,,,,,,,
1n8,SLF_1n8_R2,220-224,33.39329602,,,,,,,,,,,,,,,,,,,,,,
1n8,SLF_1n8_R2,225-229,33.10859136,,,,,,,,,,,,,,,,,,,,,,
1n8,SLF_1n8_R2,230-234,32.98999928,,,,,,,,,,,,,,,,,,,,,,
1n8,SLF_1n8_R2,235-239,32.52694422,,,,,,,,,,,,,,,,,,,,,,
1n8,SLF_1n8_R2,240-244,32.4561553,,,,,,,,,,,,,,,,,,,,,,
1n8,SLF_1n8_R2,245-249,32.85880447,,,,,,,,,,,,,,,,,,,,,,
1n8,SLF_1n8_R2,250,33.13668455,,34.53618358,62,0.89096172,,,,,,,,,,,,,,,,,,
1n9,SLF_1n9_R1,100-104,35.51392835,,,,,,,,,,,,,,,,,,,,,,
1n9,SLF_1n9_R1,105-109,35.55299572,,,,,,,,,,,,,,,,,,,,,,
1n9,SLF_1n9_R1,110-114,35.5971387,,,,,,,,,,,,,,,,,,,,,,
1n9,SLF_1n9_R1,115-119,35.45052552,,,,,,,,,,,,,,,,,,,,,,
1n9,SLF_1n9_R1,120-124,35.59177711,,,,,,,,,,,,,,,,,,,,,,
1n9,SLF_1n9_R1,125-129,35.50590618,,,,,,,,,,,,,,,,,,,,,,
1n9,SLF_1n9_R1,130-134,35.50957931,,,,,,,,,,,,,,,,,,,,,,
1n9,SLF_1n9_R1,135-139,35.58107918,,,,,,,,,,,,,,,,,,,,,,
1n9,SLF_1n9_R1,140-144,35.39261652,,,,,,,,,,,,,,,,,,,,,,
1n9,SLF_1n9_R1,145-149,35.26773997,,,,,,,,,,,,,,,,,,,,,,
1n9,SLF_1n9_R1,150-154,35.26999168,,,,,,,,,,,,,,,,,,,,,,
1n9,SLF_1n9_R1,155-159,35.17119871,,,,,,,,,,,,,,,,,,,,,,
1n9,SLF_1n9_R1,160-164,35.24505579,,,,,,,,,,,,,,,,,,,,,,
1n9,SLF_1n9_R1,165-169,34.98361387,,,,,,,,,,,,,,,,,,,,,,
1n9,SLF_1n9_R1,170-174,35.12953859,,,,,,,,,,,,,,,,,,,,,,
1n9,SLF_1n9_R1,175-179,35.12471905,,,,,,,,,,,,,,,,,,,,,,
1n9,SLF_1n9_R1,180-184,34.82761574,,,,,,,,,,,,,,,,,,,,,,
1n9,SLF_1n9_R1,185-189,34.75232742,,,,,,,,,,,,,,,,,,,,,,
1n9,SLF_1n9_R1,190-194,34.72357792,,,,,,,,,,,,,,,,,,,,,,
1n9,SLF_1n9_R1,195-199,34.79601546,,,,,,,,,,,,,,,,,,,,,,
1n9,SLF_1n9_R1,200-204,34.78368319,,,,,,,,,,,,,,,,,,,,,,
1n9,SLF_1n9_R1,205-209,34.44567347,,,,,,,,,,,,,,,,,,,,,,
1n9,SLF_1n9_R1,210-214,33.71173124,,,,,,,,,,,,,,,,,,,,,,
1n9,SLF_1n9_R1,215-219,33.43329154,,,,,,,,,,,,,,,,,,,,,,
1n9,SLF_1n9_R1,220-224,33.38168934,,,,,,,,,,,,,,,,,,,,,,
1n9,SLF_1n9_R1,225-229,33.27772092,,,,,,,,,,,,,,,,,,,,,,
1n9,SLF_1n9_R1,230-234,32.99193122,,,,,,,,,,,,,,,,,,,,,,
1n9,SLF_1n9_R1,235-239,32.94418287,,,,,,,,,,,,,,,,,,,,,,
1n9,SLF_1n9_R1,240-244,32.5504301,,,,,,,,,,,,,,,,,,,,,,
1n9,SLF_1n9_R1,245-249,32.86335213,,,,,,,,,,,,,,,,,,,,,,
1n9,SLF_1n9_R1,250,32.75782313,,,,,,,,,,,,,,,,,,,,,,
1n9,SLF_1n9_R2,100-104,35.6019473,,,,,,,,,,,,,,,,,,,,,,
1n9,SLF_1n9_R2,105-109,35.55258813,,,,,,,,,,,,,,,,,,,,,,
1n9,SLF_1n9_R2,110-114,35.4960448,,,,,,,,,,,,,,,,,,,,,,
1n9,SLF_1n9_R2,115-119,35.0908851,,,,,,,,,,,,,,,,,,,,,,
1n9,SLF_1n9_R2,120-124,35.48703698,,,,,,,,,,,,,,,,,,,,,,
1n9,SLF_1n9_R2,125-129,35.49461141,,,,,,,,,,,,,,,,,,,,,,
1n9,SLF_1n9_R2,130-134,35.35545106,,,,,,,,,,,,,,,,,,,,,,
1n9,SLF_1n9_R2,135-139,35.33130387,,,,,,,,,,,,,,,,,,,,,,
1n9,SLF_1n9_R2,140-144,35.26848089,,,,,,,,,,,,,,,,,,,,,,
1n9,SLF_1n9_R2,145-149,35.18215761,,,,,,,,,,,,,,,,,,,,,,
1n9,SLF_1n9_R2,150-154,35.15639338,,,,,,,,,,,,,,,,,,,,,,
1n9,SLF_1n9_R2,155-159,35.33022453,,,,,,,,,,,,,,,,,,,,,,
1n9,SLF_1n9_R2,160-164,35.15758984,,,,,,,,,,,,,,,,,,,,,,
1n9,SLF_1n9_R2,165-169,35.29086568,,,,,,,,,,,,,,,,,,,,,,
1n9,SLF_1n9_R2,170-174,34.78967021,,,,,,,,,,,,,,,,,,,,,,
1n9,SLF_1n9_R2,175-179,34.37432378,,,,,,,,,,,,,,,,,,,,,,
1n9,SLF_1n9_R2,180-184,34.48876534,,,,,,,,,,,,,,,,,,,,,,
1n9,SLF_1n9_R2,185-189,34.68188354,,,,,,,,,,,,,,,,,,,,,,
1n9,SLF_1n9_R2,190-194,34.91884762,,,,,,,,,,,,,,,,,,,,,,
1n9,SLF_1n9_R2,195-199,34.24647833,,,,,,,,,,,,,,,,,,,,,,
1n9,SLF_1n9_R2,200-204,34.50685423,,,,,,,,,,,,,,,,,,,,,,
1n9,SLF_1n9_R2,205-209,33.82809904,,,,,,,,,,,,,,,,,,,,,,
1n9,SLF_1n9_R2,210-214,33.38492677,,,,,,,,,,,,,,,,,,,,,,
1n9,SLF_1n9_R2,215-219,32.92985511,,,,,,,,,,,,,,,,,,,,,,
1n9,SLF_1n9_R2,220-224,33.09992833,,,,,,,,,,,,,,,,,,,,,,
1n9,SLF_1n9_R2,225-229,32.77711071,,,,,,,,,,,,,,,,,,,,,,
1n9,SLF_1n9_R2,230-234,32.60233101,,,,,,,,,,,,,,,,,,,,,,
1n9,SLF_1n9_R2,235-239,32.05876248,,,,,,,,,,,,,,,,,,,,,,
1n9,SLF_1n9_R2,240-244,32.03792861,,,,,,,,,,,,,,,,,,,,,,
1n9,SLF_1n9_R2,245-249,32.45204665,,,,,,,,,,,,,,,,,,,,,,
1n9,SLF_1n9_R2,250,32.55165101,,34.46215312,62,1.108946266,,,,,,,,,,,,,,,,,,
1n10,SLF_1n10_R1,100-104,35.49640167,,,,,,,,,,,,,,,,,,,,,,
1n10,SLF_1n10_R1,105-109,35.51624799,,,,,,,,,,,,,,,,,,,,,,
1n10,SLF_1n10_R1,110-114,35.68755573,,,,,,,,,,,,,,,,,,,,,,
1n10,SLF_1n10_R1,115-119,35.52411374,,,,,,,,,,,,,,,,,,,,,,
1n10,SLF_1n10_R1,120-124,35.57651466,,,,,,,,,,,,,,,,,,,,,,
1n10,SLF_1n10_R1,125-129,35.53250129,,,,,,,,,,,,,,,,,,,,,,
1n10,SLF_1n10_R1,130-134,35.53625172,,,,,,,,,,,,,,,,,,,,,,
1n10,SLF_1n10_R1,135-139,35.61238483,,,,,,,,,,,,,,,,,,,,,,
1n10,SLF_1n10_R1,140-144,35.47399342,,,,,,,,,,,,,,,,,,,,,,
1n10,SLF_1n10_R1,145-149,35.33853878,,,,,,,,,,,,,,,,,,,,,,
1n10,SLF_1n10_R1,150-154,35.32323306,,,,,,,,,,,,,,,,,,,,,,
1n10,SLF_1n10_R1,155-159,35.28769755,,,,,,,,,,,,,,,,,,,,,,
1n10,SLF_1n10_R1,160-164,35.44840873,,,,,,,,,,,,,,,,,,,,,,
1n10,SLF_1n10_R1,165-169,35.02715342,,,,,,,,,,,,,,,,,,,,,,
1n10,SLF_1n10_R1,170-174,35.29931225,,,,,,,,,,,,,,,,,,,,,,
1n10,SLF_1n10_R1,175-179,35.27312558,,,,,,,,,,,,,,,,,,,,,,
1n10,SLF_1n10_R1,180-184,34.91442589,,,,,,,,,,,,,,,,,,,,,,
1n10,SLF_1n10_R1,185-189,34.83501636,,,,,,,,,,,,,,,,,,,,,,
1n10,SLF_1n10_R1,190-194,34.81324195,,,,,,,,,,,,,,,,,,,,,,
1n10,SLF_1n10_R1,195-199,35.03012652,,,,,,,,,,,,,,,,,,,,,,
1n10,SLF_1n10_R1,200-204,35.01123726,,,,,,,,,,,,,,,,,,,,,,
1n10,SLF_1n10_R1,205-209,34.48788045,,,,,,,,,,,,,,,,,,,,,,
1n10,SLF_1n10_R1,210-214,33.4358954,,,,,,,,,,,,,,,,,,,,,,
1n10,SLF_1n10_R1,215-219,33.15288331,,,,,,,,,,,,,,,,,,,,,,
1n10,SLF_1n10_R1,220-224,33.27797539,,,,,,,,,,,,,,,,,,,,,,
1n10,SLF_1n10_R1,225-229,33.14077058,,,,,,,,,,,,,,,,,,,,,,
1n10,SLF_1n10_R1,230-234,32.86879886,,,,,,,,,,,,,,,,,,,,,,
1n10,SLF_1n10_R1,235-239,32.85837522,,,,,,,,,,,,,,,,,,,,,,
1n10,SLF_1n10_R1,240-244,32.4761352,,,,,,,,,,,,,,,,,,,,,,
1n10,SLF_1n10_R1,245-249,32.86481631,,,,,,,,,,,,,,,,,,,,,,
1n10,SLF_1n10_R1,250,32.4434552,,,,,,,,,,,,,,,,,,,,,,
1n10,SLF_1n10_R2,100-104,35.65145744,,,,,,,,,,,,,,,,,,,,,,
1n10,SLF_1n10_R2,105-109,35.61851852,,,,,,,,,,,,,,,,,,,,,,
1n10,SLF_1n10_R2,110-114,35.58531367,,,,,,,,,,,,,,,,,,,,,,
1n10,SLF_1n10_R2,115-119,35.01999086,,,,,,,,,,,,,,,,,,,,,,
1n10,SLF_1n10_R2,120-124,35.55199485,,,,,,,,,,,,,,,,,,,,,,
1n10,SLF_1n10_R2,125-129,35.54055508,,,,,,,,,,,,,,,,,,,,,,
1n10,SLF_1n10_R2,130-134,35.44911901,,,,,,,,,,,,,,,,,,,,,,
1n10,SLF_1n10_R2,135-139,35.33683939,,,,,,,,,,,,,,,,,,,,,,
1n10,SLF_1n10_R2,140-144,35.28654562,,,,,,,,,,,,,,,,,,,,,,
1n10,SLF_1n10_R2,145-149,35.22956096,,,,,,,,,,,,,,,,,,,,,,
1n10,SLF_1n10_R2,150-154,35.18146144,,,,,,,,,,,,,,,,,,,,,,
1n10,SLF_1n10_R2,155-159,35.38422737,,,,,,,,,,,,,,,,,,,,,,
1n10,SLF_1n10_R2,160-164,35.34186311,,,,,,,,,,,,,,,,,,,,,,
1n10,SLF_1n10_R2,165-169,35.44418394,,,,,,,,,,,,,,,,,,,,,,
1n10,SLF_1n10_R2,170-174,35.02398899,,,,,,,,,,,,,,,,,,,,,,
1n10,SLF_1n10_R2,175-179,34.49492115,,,,,,,,,,,,,,,,,,,,,,
1n10,SLF_1n10_R2,180-184,34.7301748,,,,,,,,,,,,,,,,,,,,,,
1n10,SLF_1n10_R2,185-189,34.92734491,,,,,,,,,,,,,,,,,,,,,,
1n10,SLF_1n10_R2,190-194,35.19279509,,,,,,,,,,,,,,,,,,,,,,
1n10,SLF_1n10_R2,195-199,34.49858845,,,,,,,,,,,,,,,,,,,,,,
1n10,SLF_1n10_R2,200-204,34.75815961,,,,,,,,,,,,,,,,,,,,,,
1n10,SLF_1n10_R2,205-209,33.69898221,,,,,,,,,,,,,,,,,,,,,,
1n10,SLF_1n10_R2,210-214,32.8150644,,,,,,,,,,,,,,,,,,,,,,
1n10,SLF_1n10_R2,215-219,32.38987283,,,,,,,,,,,,,,,,,,,,,,
1n10,SLF_1n10_R2,220-224,32.38059604,,,,,,,,,,,,,,,,,,,,,,
1n10,SLF_1n10_R2,225-229,32.15895324,,,,,,,,,,,,,,,,,,,,,,
1n10,SLF_1n10_R2,230-234,32.03670827,,,,,,,,,,,,,,,,,,,,,,
1n10,SLF_1n10_R2,235-239,31.58105841,,,,,,,,,,,,,,,,,,,,,,
1n10,SLF_1n10_R2,240-244,31.7803378,,,,,,,,,,,,,,,,,,,,,,
1n10,SLF_1n10_R2,245-249,32.15210449,,,,,,,,,,,,,,,,,,,,,,
1n10,SLF_1n10_R2,250,31.99670071,,34.4322976,62,1.294423763,,,,,,,,,,,,,,,,,,