PlantFamily,PlantSpecies ,CommonName,"Highest match, %",Sequence (for the highest match),Sequence length (bp),"Plant Origin (native, introduced/introduced origin)","Plant Life Form (tree, woody vine, shrub, herbaceous perennial, herbaceous annual)"
Asteraceae,Ageratina altissima,white snakeroot,99.65,AAGTGTTGGATTCAAAGCTGGTGTTAAAGATTATAAATTGACTTATTATACTCCTCAATATGAAACCAAGGATACTGATATCTTGGCAGCATTTCGAGTAACTCCTCAACCTGGAGTTCCGCCTGAAGAAGCAGGGGCCGCAGTAGCTGCCGAATCTTCTACTGGTACATGGACAACTGTATGGACCGATGGACTTACGAGCCCTGATCGTTACAAAGGCCGATGCTATGAAATCGAGCCTGTTCCTGGAGAAGACAATCAATTTATTGCTTATGTAGCTTACCC,285,Native,Herbaceous Perennial
Poaceae,Agrostis stolonifera,creeping bentgrass,100,AAGTGTTGGATTCAAAGCTGGTGTTAAAGATTATAAATTGACTTACTACACCCCGGAGTATGAAACCAAGGATACTGATATCTTGGCAGCATTCCGAGGGAAACCAAGGATACTGATATCTTGGCAGCATTCCGAGTAACTCCTCAACCTGGGGTTCC,158,Introduced,Herbaceous perennial
Simaroubaceae,Ailanthus altissima,tree of heaven,99.67,AAGTGTTGGATTCAAAGCCGGTGTTAAAGATTATAAATTGACTTATTATACTCCTGAATATGTAACCAAAGATACTGATATCTTGGCAGCATTCCGAGTAACTCCCCAACCCGGAGTTCCGCCCGAGGAAGCAGGGGCAGCGGTAGCTGCGGAATCTTCTACTGGTACATGGACAACTGTGTGGACCGATGGGCTTACCAGCCTTGATCGTTACAAAGGACGATGCTACAACATCGAGCCCGTTGCTGGAGAAGAAAATCAATATATATGTTATGTAGCTTACCCCTTAGACCTTTTTGA,300,Introduced,Tree
Poaceae,Anthoxanthum odoratum,sweet vernalgrass,100,AAATGTTGGATTTAAAGCTGGTGTTAAAGATTATAAATTGACTTACTACACCCCGGAGTATGAAACCAAGGATACTGATATCTTGGCAGCATTCCGAGTAACCCCTCAACCTGGGGTTCCGCCGGAAGAAGCAGGGGCTGCAGTAGCTGC,150,Introduced,Herbaceous Perennial
Betulaceae,Betula sp.,birch,100,AAGTGTTGGATTCAAAGCTGGTGTTAAAGATTATAAATTGACTTATTATACTCCTGACTATGAAACCAAAGATACTGATATCTTGGCAGCGTTCCGAGTAACTCCTCAACCTGGAGTTCCGCCTGAGGAAGCAGGGGCAGCAGTAGCTGCTGAATCTTCTACTGGTACATGGACAACTGTGTGGACCGATGGACTTACTAGTCTTGATCGTTACAAAGGACGATGCTACCACATCGAGCCAGTTGCTGGAGAAGAAAGTCAATTTATTGCTTATGTAGCTTACCCCTTAGACCTTTTTGAAGAAGGTTCTGTTACTAACATGTTTACTTCCATTGTGGGTAATGTATTTGGATTCAAGGCCCTGCGTGCTCTACGTCTGGAGGATTTGCGAATCCGGTAAAATCAA,406,Both,Tree
Brassicaceae,Cardamine impatiens,narrowleaf bittercress,100,AAGTGTTGGATTCAAAGCTGGTGTTAAAGAGTATAAATTGACTTATTATACTCCTGAATATGAAACCAAGGATACTGATATCTTGGCAGCATTCCGAGTAACTCCTCAACCCGGAGTTCCACCTGAAGAAGCAGGGGCTGCGGTAGCTGCTGAATCTTCTACTGGTACATGGACAACTGTGTGGACCGACGGGCTTACCAGCCTTGATCGTTACAAAGGACGATGCTACCACATCGAGCCCGTTCCAGGAGAAGAAAC,258,Introduced,Herbaceous Biennial
Juglandaceae,Carya illinoinensis,pecan,100,AAGTGTTGGATTCAAAGCTGGTGTTAAAGATTATAAATTGACTTATTATACTCCTGAATATCAAACCAAAGATACTGATATCTTGGCAGCGTTCCGAGTAAGCCCTCAACCTGGAGTTCCGCCTGAGGAAGCAGGGGCAGCAGTAGCTGCTGAATCTTCTACTGGTACATGGACAACTGTGTGGACCGATGGGCTTACTAGTCTTGATCGTTACAAAGGACGATGCTACCACATCGAGCCAGTTGCTGGAGAAGAAAATCAATTTATTGCTTATGTAGCTTACCCCTTAGACCTTTTTGAAGAAGGTTCTGTTACTAACATGTTTACTTCCATTGTGGGTAATGTATTTGGATTCACGTAAAATCAA,367,Native,Tree
Celastraceae,Celastrus orbiculatus,Oriental bittersweet,100,TTGCGCGGTGGACTTGATTTTACACTTATTATACTCCTGACTATGAAACCAAAGATACTGATATCTTGGCAGCATTCCGAGTAACTCCTCAACCTGGAGTTCCGCCTGAAGAAGCAGGGGCGGCGGTAGCTGCTGAATCTTCTACTGGTACATGGACAACTGTGTGGACCGATGGGCTTACCAGTCTTGATCGTTACAAAGGACGATGCTACCACATCGAGCCCGTTGCTGGAGAAGAAACTCAATTTATTGCTTATGTAGCTTATCCTTTAGACCTTTTCGAAGAAGGTTCTGTTACTAACATGTTTACTTCCATTGTGGGTAATGTCTTTGGTTTCAAAGCCCTGCGTGCTCTACGTCTGGAGGATTTGCGAATCCCCCCTGCTTATTCTAAAACTTTCCAA,404,Introduced,Woody Vine
Poaceae,Festuca sp.,fescue,100,AAGTGTTGGATTTCAAGCTGGTGTTAAAGATTATAAATTGACTTACTACACCCCGGAGTATGAAACCAAGGATACTGATATCTTGGCAGCATTCCGAGTAACTCCTCAGCCTGGGGTTCCGCATGTGGGTAATGTATTTGGGTTCAAAGCCCTGCGCGCTCTACGTCTAGAGGATCTACGAATCCCTCCTGCGTATTCGAAAACTT,206,Introduced,Herbaceous Perennial
Fabaceae,Gleditsia triacanthos,honeylocust,99.2,AAGTGTTGGGTTCGAAGCTGGTGTTAAAGATTATAAATTGACTTATTATACTCCTGAATATGAAACCAAAGATACTGATATCTTGGCAGCATTCCGAGTAACTCCTCAACCTGGAGTTCCGCCTGAAGAAGCGGGTGCCGCGGTAGCTGCTGAATCTTCTACTGGTACATGGACAACTGTGTGGACCGATGGGCTTACCAGTCTTGATCGTTACAAAGGACGATGCTACCACCCCGAGCCCGTTGCTGGCGTAAAATCAA,260,Native,Shrub
Poaceae,Hierochloe odorata,sweetgrass,100,AAGTGTTGGATTTCAAGCTGGTGTTAAAGATTATAAATTGACTTACTACACCCCGGAGTATGAAACCAAGGATACTGATATCTTGGCAGCATTCCGAGTAACTCCTCAACCTGGGGTTCCGCCGGAAGAAGCAGGGGCTGCAGTAGCTGCCGAATCTTCTACTGGTACATGGACAACTGTTTGGACTGATGGACTTACCAGTCTTGATCGTTACAAAG,218,Native,Herbaceous Perennial
Hydrangeaceae,Hydrangea sp.,hydrangea,100,AAGTGTTGGATTCAAAGCTGGTGTTAAAGATTACAAATTGACTTATTATACTCCTGACTATGAAACCAAAGATACTGATATCTTGGCAGCATTCCGAGTAACTCTGTAAAATCAA,115,Both,Shrub
Magnoliaceae,Liriodendron tulipifera,tuliptree,99,AAGTGTTGGATTCAAAGCTGGTGTTAAAGAGTACAAATTGACTTATTATACTCCTGAATATGAAACCAAAGATACTGATATCTTGGCAGCATTCCGAGTAACTCCTCAACTCGGAGNTCCGCCTGAGGAAGCAGGGGCTGCGGTAGCTGCCGAATCTTCTACTGGTACATGGACAACTGTGTGGACCGATGGACTTACCAGCCTTGATCGTTACAAAGGACGATGCTACCACATCGAACCCGTTGCTGGGGAGACCGATCAATATATTGTTTATGTAGCTTACCCTTTAGAC,292,Native,Tree
Lauraceae,Litsea sp.,litsea,99.6,AAGTGTTGGATTCAAAGCTGGTGTTAAAGATTACAAATTGACTTATTATACTCCTGACTATGAAACCAGAAGTACTGATATTTTGGCAGCATTTCGAGTAACTCCTCAACCCGGAGTTCCACCTGAGGAAGCAGGGGCTGCGGTAGCTGCCGAATCTTCTACTGGTACATGGACAACTGTGTGGACCGATGGACTTACCAGCCTTGATCGTTACAAAGGACGATGCTACCACATCGAGCCCGTTGCTGGGGTAAAATCAA,260,Native,Shrub
Poaceae,Lolium arundinaceum,tall fescue,99.7,AAGTGTTGGATTTCAAGCTGGTGTTAAAGATTATAAATTGACTTACTACACCCCGGAGTATGAAACCAAGGATACTGATATCTTGGCAGCATTCCGAGTAACTCCTCAGCCTGGGGTTCCGCCGGAAGAAGCAGGGGCTGCAGTAGCTGCCGAATCTTCTACTGGTACATGGACAACTGTTTGGACTGATGGACTTACCAGTCTTGATCGTTACAAAAGACGATGCTATCATATCGAGCCTGTTGCTGGGGAAGACAACCAATGGATCTGTTATGTAGCTTATCCATTAGACCTATTTGAAGAGGGTTCCGTTACTAACATGTTTACTTCTATTGGGTAAAATCAA,346,Introduced,Herbaceous Annual
Caprifoliaceae,Lonicera maackii,Amur honeysuckle,100,AAGTGTTGGATTCAAAGCGGGTGTTAAAGAGTACAAATTGACTTATTATACTCCTGACTATGAAACCAAAGATACTGATATCTTGGCAGCATTCCGAGTAACTCCTCAACCCGGAGTTCCGCCTGAAGAAGCGGGGGCTGCGGTAGCTGCTGAATCTTCAACCGGTACATGGACAACTGTGTGGACCGATGGACTTACCAGCCTTGATCGTTACAAAGGGCGATGCTACCACATCGGGTAAAATCAA,247,Introduced,Shrub
Moraceae,Maclura pomifera,Osage-orange,100,AAGTGTTGGATTCAAAGCTGGTGTTAAAGATTATAAATTGACTTATTACACTCCTCAATATGAAGTCAAAGATACTGATATCTTGGCAGCATTTCGAGTAACTCCTCAACCTGGAGTTCCCCCTGAAGAAGCAGGAGCTGCGGTAGCTGCTGAATCTTCTACTGGTACATGGACAACTGTATGGACTGAC,190,Native,Tree
Fabaceae,Medicago sativa,alfalfa,100,AACGGTTGGGTTCAAAGCTGGTGTTAAAGATTATAGATTGACTTATTATACTCCTGACTATGAAACCAAAGATACTGATATCTTGGCAGCATTCCGAGTAAGTCCGCAACCTGGAGTTCCGGCTGAAGAAGCAGGTGCAGCGGTAGCTGCCGAATCTTCCACTGGGACATGGACAACTGTGTGG,184,Introduced,Herbaceous Perennial
Asteraceae,Mikania scandens,climbing hempvine,99.55,GAGTGTTGGATTCAAAGCTGGTGTTAAAGATTATAAATTGACTTATTATACTCCTCAACATGAAACCAAGGATACTGATATCTTGGCAGCATTTCGAGTAACTCCTCAACCTGGAGTTCCGCCTGAAGAAGCAGGGGCCGCAGTAGCTGCCGAATCTTCTACTGGTACATGGACAACTGTATGGACCGATGGACTTACGAGCCTTGATCGTTACAAAGGCCGATG,225,Native,Woody Vine
Poaceae,Milium effusum ,American milletgrass,100,AAGTGTTGGATTCAAAGCTGGTGTTAAAGATTATAAATTGACTTACTACACCCCGGAGTATGAAACCAAGGATACTGATATCTTGGCAGCATTCCGAGTAACTCCTCAGC,110,Native,Herbaceous Perennial
Moraceae,Morus alba,white mulberry,99.72,AAGTGTTGGATTCAAAGCTGGTGTTAAAGATTATAAATTGACTTATTACACTCCTGAATATGAAGTCAAAGATACTGATATCTTGGCAGCATTTCGAGTAACTCCTCAACCTGGAGTTCCCCCTGAAGAAGCAGGGGCTGCGGTAGCTGCTGAATCTTCTCCTGGTACATGGACAACTGTATGGACTGACGGGCTTACCAGTCTTGATCGCTACAAAGGTCGATGCTACAACATCGAGCCCGTTGCTGGAGAAGAAAGTCAATTTATTGCTTATGTAGCTTACCCTTTAGACCTTTTTGAAGAAGGTTCTGTTACTAACATGTTTACTTCCATTGTGGGTAATGTATTTGGGTTCAA,357,Introduced,Tree
Cornaceae,Nyssa sylvatica,blackgum,100,AAGTGTTGGATTCAAAGCTGGTGTTAAAGATTACAAATTGACTTATTATACTCCTGACTATGAAACCAAAGATACTGATATCTTGGCAGCATTCCGAGTAACTCCTCAACCTGGAGTTCCACCTGAAGAAGCAGGGGCTGCGGTAGCTGCCGAATCTTCTACTGGTACATGGACAACTGTGTGGACCGATGGACTTACCAGCCTTGATCGTTACAAAGGGCGGTGCTACCACATCGAACCCGTTGCTGGAGAAGAAAGTCAATTTATTGCTTATGTAGCTTACCCCTTAGACCTTTTTGAAGAAGGTTCTGTTACTAACATGTTTACTTCCATTGTGGGAAATGTATTTGGGGTAAAATCAA,362,Native,Tree
Pinaceae,Pinus strobus,eastern white pine,100,TAGTGTCGGGTTCAAAGCTGGTGTTAAAGATTACAGATTAACTTATTATACTCCTGAATATCAGACCAAAGATACGGATATCTTGGCAGCATTCCGAGTAACTCCTCAACCTGGGGTGCCAGCCGAGGAAGCGGGTGCAGCAGTAGCTGCTGAATCTTCCACCGGTACATGGACCACTGTTTGGACCGATGGACTTACTAGTCTCGATCGTTACAAGGGGCGATGCTATGTAAAATCAA,239,Native,Tree
Poaceae,Polypogon monspeliensis,annual rabbitsfoot grass,99.21,AAGTGTTGGATTTCAAGCTGGTGTTAAAGATTATAAATTGACTTACTACACCCCGGAGTATGAAACCAAGGATACTGATATCTTGGCAGCATTCCGGGTAACTCCTCAACCCGGGGTTCCGCCGGAA,127,Introduced,Herbaceous Annual
Rosaceae,Prunus sp.,plum,100,AAGTGTTGGATTCAAAGCTGGTGTTAAAGATTATAAATTGACTTATTATACTCCTGACTATGAAACCAAAGATACTGATATCTTGGCAGCATTTCGAGTAACTCCTCAACCTGGAGTTCCACCTGAAGAAGCAGGGGCAGCGGTAGCTGCTGAATCTTCTACTGGTACATGGACAACTGTATGGACTGACGGGCTTACTA,200,Native,Tree/Shrub
Fagaceae,Quercus coccinea,scarlet oak,99.11,AAGTGTCGGATTCAAAGCTGGTGTTAAAGATTATAAATTGACTTATTATACTCCTGACTATGAAACCAAAGATACTGATATCTTGGCAGCCTTCCGAGTAACTCCTCAACCTGTAGTTCCGCCCGAGGAAGCAGGGGCCGCGGTAGCTGCTGAATCTTCCACTGGGACATGGACAACTGTGTGGACTGACGGGCTTACCAGTCTTGATCGTTACAAAGGACGATGCTACCACATCGAGCCGGTTGCTGGAGAAGAAAATCAATTTATTGCTTATGTAGCTTACCCCTTAGACCTCTTTGAAGAAGGTTCTGTTACTAACATGTTTACTTCCATTGT,336,Native,Tree
Rosaceae,Rosa sp.,rose,100,AAGTGTTGGATTCAAAGCTGGTGTTAAAGATTATAAATTGACTTATTATACTCCGGAGTATGAAACCAAAGATACTGATATCTTGGCAGCATTTCGAGTAACTCCTCAACCTGGAGTTCCGCCTGAGGAAGCAGGGGCAGCGGTAGCTGCGGAATCTTCTACTGGTACATGGACAACTGTATGGACTGATGGGCTTACCAGTCTTGATCGTTACAAAGGGCGATGCTACCACATTGAACCTGTTGCTGGAGAAGAAAGT,259,Introduced,Woody Vine
